ts_ms,symbol,action,side,price_cents,size,seq,is_snapshot
1700000000000,MKT-A,ADD,BUY,40,200,1,1
1700000000000,MKT-A,ADD,BUY,41,200,2,1
1700000000000,MKT-A,ADD,BUY,42,200,3,1
1700000000000,MKT-A,ADD,SELL,45,200,4,1
1700000000000,MKT-A,ADD,SELL,46,200,5,1
1700000000000,MKT-A,ADD,SELL,47,200,6,1
1700000000050,MKT-A,UPDATE,BUY,42,900,7,0
1700000000100,MKT-A,UPDATE,SELL,45,60,8,0
1700000000150,MKT-A,UPDATE,BUY,42,900,9,0
1700000000200,MKT-A,UPDATE,SELL,45,60,10,0
1700000000250,MKT-A,UPDATE,BUY,42,900,11,0
1700000000300,MKT-A,UPDATE,SELL,45,60,12,0
1700000000350,MKT-A,UPDATE,BUY,42,900,13,0
1700000000400,MKT-A,UPDATE,SELL,45,60,14,0
1700000000450,MKT-A,UPDATE,BUY,42,900,15,0
1700000000500,MKT-A,UPDATE,SELL,45,60,16,0
1700000000550,MKT-A,UPDATE,BUY,42,900,17,0
1700000000600,MKT-A,UPDATE,SELL,45,60,18,0
1700000000650,MKT-A,UPDATE,BUY,42,900,19,0
1700000000700,MKT-A,UPDATE,SELL,45,60,20,0
1700000000750,MKT-A,UPDATE,BUY,42,900,21,0
1700000000800,MKT-A,UPDATE,SELL,45,60,22,0
1700000000850,MKT-A,UPDATE,BUY,42,900,23,0
1700000000900,MKT-A,UPDATE,SELL,45,60,24,0
1700000000950,MKT-A,UPDATE,BUY,42,900,25,0
1700000001000,MKT-A,UPDATE,SELL,45,60,26,0
1700000001050,MKT-A,UPDATE,BUY,42,900,27,0
1700000001100,MKT-A,UPDATE,SELL,45,60,28,0
1700000001150,MKT-A,UPDATE,BUY,42,900,29,0
1700000001200,MKT-A,UPDATE,SELL,45,60,30,0
1700000001250,MKT-A,UPDATE,BUY,42,900,31,0
1700000001300,MKT-A,UPDATE,SELL,45,60,32,0
1700000001350,MKT-A,UPDATE,BUY,42,900,33,0
1700000001400,MKT-A,UPDATE,SELL,45,60,34,0
1700000001450,MKT-A,UPDATE,BUY,42,900,35,0
1700000001500,MKT-A,UPDATE,SELL,45,60,36,0
1700000001550,MKT-A,UPDATE,BUY,42,900,37,0
1700000001600,MKT-A,UPDATE,SELL,45,60,38,0
1700000001650,MKT-A,UPDATE,BUY,42,900,39,0
1700000001700,MKT-A,UPDATE,SELL,45,60,40,0
1700000001750,MKT-A,UPDATE,BUY,42,900,41,0
1700000001800,MKT-A,UPDATE,SELL,45,60,42,0
1700000001850,MKT-A,UPDATE,BUY,42,900,43,0
1700000001900,MKT-A,UPDATE,SELL,45,60,44,0
1700000001950,MKT-A,UPDATE,BUY,42,900,45,0
1700000002000,MKT-A,UPDATE,SELL,45,60,46,0
1700000002050,MKT-A,UPDATE,BUY,42,900,47,0
1700000002100,MKT-A,UPDATE,SELL,45,60,48,0
1700000002150,MKT-A,UPDATE,BUY,42,900,49,0
1700000002200,MKT-A,UPDATE,SELL,45,60,50,0
1700000002250,MKT-A,UPDATE,BUY,42,900,51,0
1700000002300,MKT-A,UPDATE,SELL,45,60,52,0
1700000002350,MKT-A,UPDATE,BUY,42,900,53,0
1700000002400,MKT-A,UPDATE,SELL,45,60,54,0
1700000002450,MKT-A,UPDATE,BUY,42,900,55,0
1700000002500,MKT-A,UPDATE,SELL,45,60,56,0
1700000002550,MKT-A,UPDATE,BUY,42,60,57,0
1700000002600,MKT-A,UPDATE,SELL,45,900,58,0
1700000002650,MKT-A,UPDATE,BUY,42,60,59,0
1700000002700,MKT-A,UPDATE,SELL,45,900,60,0
1700000002750,MKT-A,UPDATE,BUY,42,60,61,0
1700000002800,MKT-A,UPDATE,SELL,45,900,62,0
1700000002850,MKT-A,UPDATE,BUY,42,60,63,0
1700000002900,MKT-A,UPDATE,SELL,45,900,64,0
1700000002950,MKT-A,UPDATE,BUY,42,60,65,0
1700000003000,MKT-A,UPDATE,SELL,45,900,66,0
1700000003050,MKT-A,UPDATE,BUY,42,60,67,0
1700000003100,MKT-A,UPDATE,SELL,45,900,68,0
1700000003150,MKT-A,UPDATE,BUY,42,60,69,0
1700000003200,MKT-A,UPDATE,SELL,45,900,70,0
1700000003250,MKT-A,UPDATE,BUY,42,60,71,0
1700000003300,MKT-A,UPDATE,SELL,45,900,72,0
1700000003350,MKT-A,UPDATE,BUY,42,60,73,0
1700000003400,MKT-A,UPDATE,SELL,45,900,74,0
1700000003450,MKT-A,UPDATE,BUY,42,60,75,0
1700000003500,MKT-A,UPDATE,SELL,45,900,76,0
1700000003550,MKT-A,UPDATE,BUY,42,60,77,0
1700000003600,MKT-A,UPDATE,SELL,45,900,78,0
1700000003650,MKT-A,UPDATE,BUY,42,60,79,0
1700000003700,MKT-A,UPDATE,SELL,45,900,80,0
1700000003750,MKT-A,UPDATE,BUY,42,60,81,0
1700000003800,MKT-A,UPDATE,SELL,45,900,82,0
1700000003850,MKT-A,UPDATE,BUY,42,60,83,0
1700000003900,MKT-A,UPDATE,SELL,45,900,84,0
1700000003950,MKT-A,UPDATE,BUY,42,60,85,0
1700000004000,MKT-A,UPDATE,SELL,45,900,86,0
1700000004050,MKT-A,UPDATE,BUY,42,60,87,0
1700000004100,MKT-A,UPDATE,SELL,45,900,88,0
1700000004150,MKT-A,UPDATE,BUY,42,60,89,0
1700000004200,MKT-A,UPDATE,SELL,45,900,90,0
1700000004250,MKT-A,UPDATE,BUY,42,60,91,0
1700000004300,MKT-A,UPDATE,SELL,45,900,92,0
1700000004350,MKT-A,UPDATE,BUY,42,60,93,0
1700000004400,MKT-A,UPDATE,SELL,45,900,94,0
1700000004450,MKT-A,UPDATE,BUY,42,60,95,0
1700000004500,MKT-A,UPDATE,SELL,45,900,96,0
1700000004550,MKT-A,UPDATE,BUY,42,60,97,0
1700000004600,MKT-A,UPDATE,SELL,45,900,98,0
1700000004650,MKT-A,UPDATE,BUY,42,60,99,0
1700000004700,MKT-A,UPDATE,SELL,45,900,100,0
1700000004750,MKT-A,UPDATE,BUY,42,60,101,0
1700000004800,MKT-A,UPDATE,SELL,45,900,102,0
1700000004850,MKT-A,UPDATE,BUY,42,60,103,0
1700000004900,MKT-A,UPDATE,SELL,45,900,104,0
1700000004950,MKT-A,UPDATE,BUY,42,60,105,0
1700000005000,MKT-A,UPDATE,SELL,45,900,106,0
1700000005050,MKT-A,UPDATE,BUY,42,900,107,0
1700000005100,MKT-A,UPDATE,SELL,45,60,108,0
1700000005150,MKT-A,UPDATE,BUY,42,900,109,0
1700000005200,MKT-A,UPDATE,SELL,45,60,110,0
1700000005250,MKT-A,UPDATE,BUY,42,900,111,0
1700000005300,MKT-A,UPDATE,SELL,45,60,112,0
1700000005350,MKT-A,UPDATE,BUY,42,900,113,0
1700000005400,MKT-A,UPDATE,SELL,45,60,114,0
1700000005450,MKT-A,UPDATE,BUY,42,900,115,0
1700000005500,MKT-A,UPDATE,SELL,45,60,116,0
1700000005550,MKT-A,UPDATE,BUY,42,900,117,0
1700000005600,MKT-A,UPDATE,SELL,45,60,118,0
1700000005650,MKT-A,UPDATE,BUY,42,900,119,0
1700000005700,MKT-A,UPDATE,SELL,45,60,120,0
1700000005750,MKT-A,UPDATE,BUY,42,900,121,0
1700000005800,MKT-A,UPDATE,SELL,45,60,122,0
1700000005850,MKT-A,UPDATE,BUY,42,900,123,0
1700000005900,MKT-A,UPDATE,SELL,45,60,124,0
1700000005950,MKT-A,UPDATE,BUY,42,900,125,0
1700000006000,MKT-A,UPDATE,SELL,45,60,126,0
1700000006050,MKT-A,UPDATE,BUY,42,900,127,0
1700000006100,MKT-A,UPDATE,SELL,45,60,128,0
1700000006150,MKT-A,UPDATE,BUY,42,900,129,0
1700000006200,MKT-A,UPDATE,SELL,45,60,130,0
1700000006250,MKT-A,UPDATE,BUY,42,900,131,0
1700000006300,MKT-A,UPDATE,SELL,45,60,132,0
1700000006350,MKT-A,UPDATE,BUY,42,900,133,0
1700000006400,MKT-A,UPDATE,SELL,45,60,134,0
1700000006450,MKT-A,UPDATE,BUY,42,900,135,0
1700000006500,MKT-A,UPDATE,SELL,45,60,136,0
1700000006550,MKT-A,UPDATE,BUY,42,900,137,0
1700000006600,MKT-A,UPDATE,SELL,45,60,138,0
1700000006650,MKT-A,UPDATE,BUY,42,900,139,0
1700000006700,MKT-A,UPDATE,SELL,45,60,140,0
1700000006750,MKT-A,UPDATE,BUY,42,900,141,0
1700000006800,MKT-A,UPDATE,SELL,45,60,142,0
1700000006850,MKT-A,UPDATE,BUY,42,900,143,0
1700000006900,MKT-A,UPDATE,SELL,45,60,144,0
1700000006950,MKT-A,UPDATE,BUY,42,900,145,0
1700000007000,MKT-A,UPDATE,SELL,45,60,146,0
1700000007050,MKT-A,UPDATE,BUY,42,900,147,0
1700000007100,MKT-A,UPDATE,SELL,45,60,148,0
1700000007150,MKT-A,UPDATE,BUY,42,900,149,0
1700000007200,MKT-A,UPDATE,SELL,45,60,150,0
1700000007250,MKT-A,UPDATE,BUY,42,900,151,0
1700000007300,MKT-A,UPDATE,SELL,45,60,152,0
1700000007350,MKT-A,UPDATE,BUY,42,900,153,0
1700000007400,MKT-A,UPDATE,SELL,45,60,154,0
1700000007450,MKT-A,UPDATE,BUY,42,900,155,0
1700000007500,MKT-A,UPDATE,SELL,45,60,156,0
1700000007550,MKT-A,UPDATE,BUY,42,60,157,0
1700000007600,MKT-A,UPDATE,SELL,45,900,158,0
1700000007650,MKT-A,UPDATE,BUY,42,60,159,0
1700000007700,MKT-A,UPDATE,SELL,45,900,160,0
1700000007750,MKT-A,UPDATE,BUY,42,60,161,0
1700000007800,MKT-A,UPDATE,SELL,45,900,162,0
1700000007850,MKT-A,UPDATE,BUY,42,60,163,0
1700000007900,MKT-A,UPDATE,SELL,45,900,164,0
1700000007950,MKT-A,UPDATE,BUY,42,60,165,0
1700000008000,MKT-A,UPDATE,SELL,45,900,166,0
1700000008050,MKT-A,UPDATE,BUY,42,60,167,0
1700000008100,MKT-A,UPDATE,SELL,45,900,168,0
1700000008150,MKT-A,UPDATE,BUY,42,60,169,0
1700000008200,MKT-A,UPDATE,SELL,45,900,170,0
1700000008250,MKT-A,UPDATE,BUY,42,60,171,0
1700000008300,MKT-A,UPDATE,SELL,45,900,172,0
1700000008350,MKT-A,UPDATE,BUY,42,60,173,0
1700000008400,MKT-A,UPDATE,SELL,45,900,174,0
1700000008450,MKT-A,UPDATE,BUY,42,60,175,0
1700000008500,MKT-A,UPDATE,SELL,45,900,176,0
1700000008550,MKT-A,UPDATE,BUY,42,60,177,0
1700000008600,MKT-A,UPDATE,SELL,45,900,178,0
1700000008650,MKT-A,UPDATE,BUY,42,60,179,0
1700000008700,MKT-A,UPDATE,SELL,45,900,180,0
1700000008750,MKT-A,UPDATE,BUY,42,60,181,0
1700000008800,MKT-A,UPDATE,SELL,45,900,182,0
1700000008850,MKT-A,UPDATE,BUY,42,60,183,0
1700000008900,MKT-A,UPDATE,SELL,45,900,184,0
1700000008950,MKT-A,UPDATE,BUY,42,60,185,0
1700000009000,MKT-A,UPDATE,SELL,45,900,186,0
1700000009050,MKT-A,UPDATE,BUY,42,60,187,0
1700000009100,MKT-A,UPDATE,SELL,45,900,188,0
1700000009150,MKT-A,UPDATE,BUY,42,60,189,0
1700000009200,MKT-A,UPDATE,SELL,45,900,190,0
1700000009250,MKT-A,UPDATE,BUY,42,60,191,0
1700000009300,MKT-A,UPDATE,SELL,45,900,192,0
1700000009350,MKT-A,UPDATE,BUY,42,60,193,0
1700000009400,MKT-A,UPDATE,SELL,45,900,194,0
1700000009450,MKT-A,UPDATE,BUY,42,60,195,0
1700000009500,MKT-A,UPDATE,SELL,45,900,196,0
1700000009550,MKT-A,UPDATE,BUY,42,60,197,0
1700000009600,MKT-A,UPDATE,SELL,45,900,198,0
1700000009650,MKT-A,UPDATE,BUY,42,60,199,0
1700000009700,MKT-A,UPDATE,SELL,45,900,200,0
1700000009750,MKT-A,UPDATE,BUY,42,60,201,0
1700000009800,MKT-A,UPDATE,SELL,45,900,202,0
1700000009850,MKT-A,UPDATE,BUY,42,60,203,0
1700000009900,MKT-A,UPDATE,SELL,45,900,204,0
1700000009950,MKT-A,UPDATE,BUY,42,60,205,0
1700000010000,MKT-A,UPDATE,SELL,45,900,206,0
1700000010050,MKT-A,UPDATE,BUY,42,900,207,0
1700000010100,MKT-A,UPDATE,SELL,45,60,208,0
1700000010150,MKT-A,UPDATE,BUY,42,900,209,0
1700000010200,MKT-A,UPDATE,SELL,45,60,210,0
1700000010250,MKT-A,UPDATE,BUY,42,900,211,0
1700000010300,MKT-A,UPDATE,SELL,45,60,212,0
1700000010350,MKT-A,UPDATE,BUY,42,900,213,0
1700000010400,MKT-A,UPDATE,SELL,45,60,214,0
1700000010450,MKT-A,UPDATE,BUY,42,900,215,0
1700000010500,MKT-A,UPDATE,SELL,45,60,216,0
1700000010550,MKT-A,UPDATE,BUY,42,900,217,0
1700000010600,MKT-A,UPDATE,SELL,45,60,218,0
1700000010650,MKT-A,UPDATE,BUY,42,900,219,0
1700000010700,MKT-A,UPDATE,SELL,45,60,220,0
1700000010750,MKT-A,UPDATE,BUY,42,900,221,0
1700000010800,MKT-A,UPDATE,SELL,45,60,222,0
1700000010850,MKT-A,UPDATE,BUY,42,900,223,0
1700000010900,MKT-A,UPDATE,SELL,45,60,224,0
1700000010950,MKT-A,UPDATE,BUY,42,900,225,0
1700000011000,MKT-A,UPDATE,SELL,45,60,226,0
1700000011050,MKT-A,UPDATE,BUY,42,900,227,0
1700000011100,MKT-A,UPDATE,SELL,45,60,228,0
1700000011150,MKT-A,UPDATE,BUY,42,900,229,0
1700000011200,MKT-A,UPDATE,SELL,45,60,230,0
1700000011250,MKT-A,UPDATE,BUY,42,900,231,0
1700000011300,MKT-A,UPDATE,SELL,45,60,232,0
1700000011350,MKT-A,UPDATE,BUY,42,900,233,0
1700000011400,MKT-A,UPDATE,SELL,45,60,234,0
1700000011450,MKT-A,UPDATE,BUY,42,900,235,0
1700000011500,MKT-A,UPDATE,SELL,45,60,236,0
1700000011550,MKT-A,UPDATE,BUY,42,900,237,0
1700000011600,MKT-A,UPDATE,SELL,45,60,238,0
1700000011650,MKT-A,UPDATE,BUY,42,900,239,0
1700000011700,MKT-A,UPDATE,SELL,45,60,240,0
1700000011750,MKT-A,UPDATE,BUY,42,900,241,0
1700000011800,MKT-A,UPDATE,SELL,45,60,242,0
1700000011850,MKT-A,UPDATE,BUY,42,900,243,0
1700000011900,MKT-A,UPDATE,SELL,45,60,244,0
1700000011950,MKT-A,UPDATE,BUY,42,900,245,0
1700000012000,MKT-A,UPDATE,SELL,45,60,246,0
1700000012050,MKT-A,UPDATE,BUY,42,900,247,0
1700000012100,MKT-A,UPDATE,SELL,45,60,248,0
1700000012150,MKT-A,UPDATE,BUY,42,900,249,0
1700000012200,MKT-A,UPDATE,SELL,45,60,250,0
1700000012250,MKT-A,UPDATE,BUY,42,900,251,0
1700000012300,MKT-A,UPDATE,SELL,45,60,252,0
1700000012350,MKT-A,UPDATE,BUY,42,900,253,0
1700000012400,MKT-A,UPDATE,SELL,45,60,254,0
1700000012450,MKT-A,UPDATE,BUY,42,900,255,0
1700000012500,MKT-A,UPDATE,SELL,45,60,256,0
1700000012550,MKT-A,UPDATE,BUY,42,60,257,0
1700000012600,MKT-A,UPDATE,SELL,45,900,258,0
1700000012650,MKT-A,UPDATE,BUY,42,60,259,0
1700000012700,MKT-A,UPDATE,SELL,45,900,260,0
1700000012750,MKT-A,UPDATE,BUY,42,60,261,0
1700000012800,MKT-A,UPDATE,SELL,45,900,262,0
1700000012850,MKT-A,UPDATE,BUY,42,60,263,0
1700000012900,MKT-A,UPDATE,SELL,45,900,264,0
1700000012950,MKT-A,UPDATE,BUY,42,60,265,0
1700000013000,MKT-A,UPDATE,SELL,45,900,266,0
1700000013050,MKT-A,UPDATE,BUY,42,60,267,0
1700000013100,MKT-A,UPDATE,SELL,45,900,268,0
1700000013150,MKT-A,UPDATE,BUY,42,60,269,0
1700000013200,MKT-A,UPDATE,SELL,45,900,270,0
1700000013250,MKT-A,UPDATE,BUY,42,60,271,0
1700000013300,MKT-A,UPDATE,SELL,45,900,272,0
1700000013350,MKT-A,UPDATE,BUY,42,60,273,0
1700000013400,MKT-A,UPDATE,SELL,45,900,274,0
1700000013450,MKT-A,UPDATE,BUY,42,60,275,0
1700000013500,MKT-A,UPDATE,SELL,45,900,276,0
1700000013550,MKT-A,UPDATE,BUY,42,60,277,0
1700000013600,MKT-A,UPDATE,SELL,45,900,278,0
1700000013650,MKT-A,UPDATE,BUY,42,60,279,0
1700000013700,MKT-A,UPDATE,SELL,45,900,280,0
1700000013750,MKT-A,UPDATE,BUY,42,60,281,0
1700000013800,MKT-A,UPDATE,SELL,45,900,282,0
1700000013850,MKT-A,UPDATE,BUY,42,60,283,0
1700000013900,MKT-A,UPDATE,SELL,45,900,284,0
1700000013950,MKT-A,UPDATE,BUY,42,60,285,0
1700000014000,MKT-A,UPDATE,SELL,45,900,286,0
1700000014050,MKT-A,UPDATE,BUY,42,60,287,0
1700000014100,MKT-A,UPDATE,SELL,45,900,288,0
1700000014150,MKT-A,UPDATE,BUY,42,60,289,0
1700000014200,MKT-A,UPDATE,SELL,45,900,290,0
1700000014250,MKT-A,UPDATE,BUY,42,60,291,0
1700000014300,MKT-A,UPDATE,SELL,45,900,292,0
1700000014350,MKT-A,UPDATE,BUY,42,60,293,0
1700000014400,MKT-A,UPDATE,SELL,45,900,294,0
1700000014450,MKT-A,UPDATE,BUY,42,60,295,0
1700000014500,MKT-A,UPDATE,SELL,45,900,296,0
1700000014550,MKT-A,UPDATE,BUY,42,60,297,0
1700000014600,MKT-A,UPDATE,SELL,45,900,298,0
1700000014650,MKT-A,UPDATE,BUY,42,60,299,0
1700000014700,MKT-A,UPDATE,SELL,45,900,300,0
1700000014750,MKT-A,UPDATE,BUY,42,60,301,0
1700000014800,MKT-A,UPDATE,SELL,45,900,302,0
1700000014850,MKT-A,UPDATE,BUY,42,60,303,0
1700000014900,MKT-A,UPDATE,SELL,45,900,304,0
1700000014950,MKT-A,UPDATE,BUY,42,60,305,0
1700000015000,MKT-A,UPDATE,SELL,45,900,306,0
1700000015050,MKT-A,UPDATE,BUY,42,900,307,0
1700000015100,MKT-A,UPDATE,SELL,45,60,308,0
1700000015150,MKT-A,UPDATE,BUY,42,900,309,0
1700000015200,MKT-A,UPDATE,SELL,45,60,310,0
1700000015250,MKT-A,UPDATE,BUY,42,900,311,0
1700000015300,MKT-A,UPDATE,SELL,45,60,312,0
1700000015350,MKT-A,UPDATE,BUY,42,900,313,0
1700000015400,MKT-A,UPDATE,SELL,45,60,314,0
1700000015450,MKT-A,UPDATE,BUY,42,900,315,0
1700000015500,MKT-A,UPDATE,SELL,45,60,316,0
1700000015550,MKT-A,UPDATE,BUY,42,900,317,0
1700000015600,MKT-A,UPDATE,SELL,45,60,318,0
1700000015650,MKT-A,UPDATE,BUY,42,900,319,0
1700000015700,MKT-A,UPDATE,SELL,45,60,320,0
1700000015750,MKT-A,UPDATE,BUY,42,900,321,0
1700000015800,MKT-A,UPDATE,SELL,45,60,322,0
1700000015850,MKT-A,UPDATE,BUY,42,900,323,0
1700000015900,MKT-A,UPDATE,SELL,45,60,324,0
1700000015950,MKT-A,UPDATE,BUY,42,900,325,0
1700000016000,MKT-A,UPDATE,SELL,45,60,326,0
1700000016050,MKT-A,UPDATE,BUY,42,900,327,0
1700000016100,MKT-A,UPDATE,SELL,45,60,328,0
1700000016150,MKT-A,UPDATE,BUY,42,900,329,0
1700000016200,MKT-A,UPDATE,SELL,45,60,330,0
1700000016250,MKT-A,UPDATE,BUY,42,900,331,0
1700000016300,MKT-A,UPDATE,SELL,45,60,332,0
1700000016350,MKT-A,UPDATE,BUY,42,900,333,0
1700000016400,MKT-A,UPDATE,SELL,45,60,334,0
1700000016450,MKT-A,UPDATE,BUY,42,900,335,0
1700000016500,MKT-A,UPDATE,SELL,45,60,336,0
1700000016550,MKT-A,UPDATE,BUY,42,900,337,0
1700000016600,MKT-A,UPDATE,SELL,45,60,338,0
1700000016650,MKT-A,UPDATE,BUY,42,900,339,0
1700000016700,MKT-A,UPDATE,SELL,45,60,340,0
1700000016750,MKT-A,UPDATE,BUY,42,900,341,0
1700000016800,MKT-A,UPDATE,SELL,45,60,342,0
1700000016850,MKT-A,UPDATE,BUY,42,900,343,0
1700000016900,MKT-A,UPDATE,SELL,45,60,344,0
1700000016950,MKT-A,UPDATE,BUY,42,900,345,0
1700000017000,MKT-A,UPDATE,SELL,45,60,346,0
1700000017050,MKT-A,UPDATE,BUY,42,900,347,0
1700000017100,MKT-A,UPDATE,SELL,45,60,348,0
1700000017150,MKT-A,UPDATE,BUY,42,900,349,0
1700000017200,MKT-A,UPDATE,SELL,45,60,350,0
1700000017250,MKT-A,UPDATE,BUY,42,900,351,0
1700000017300,MKT-A,UPDATE,SELL,45,60,352,0
1700000017350,MKT-A,UPDATE,BUY,42,900,353,0
1700000017400,MKT-A,UPDATE,SELL,45,60,354,0
1700000017450,MKT-A,UPDATE,BUY,42,900,355,0
1700000017500,MKT-A,UPDATE,SELL,45,60,356,0
1700000017550,MKT-A,UPDATE,BUY,42,60,357,0
1700000017600,MKT-A,UPDATE,SELL,45,900,358,0
1700000017650,MKT-A,UPDATE,BUY,42,60,359,0
1700000017700,MKT-A,UPDATE,SELL,45,900,360,0
1700000017750,MKT-A,UPDATE,BUY,42,60,361,0
1700000017800,MKT-A,UPDATE,SELL,45,900,362,0
1700000017850,MKT-A,UPDATE,BUY,42,60,363,0
1700000017900,MKT-A,UPDATE,SELL,45,900,364,0
1700000017950,MKT-A,UPDATE,BUY,42,60,365,0
1700000018000,MKT-A,UPDATE,SELL,45,900,366,0
1700000018050,MKT-A,UPDATE,BUY,42,60,367,0
1700000018100,MKT-A,UPDATE,SELL,45,900,368,0
1700000018150,MKT-A,UPDATE,BUY,42,60,369,0
1700000018200,MKT-A,UPDATE,SELL,45,900,370,0
1700000018250,MKT-A,UPDATE,BUY,42,60,371,0
1700000018300,MKT-A,UPDATE,SELL,45,900,372,0
1700000018350,MKT-A,UPDATE,BUY,42,60,373,0
1700000018400,MKT-A,UPDATE,SELL,45,900,374,0
1700000018450,MKT-A,UPDATE,BUY,42,60,375,0
1700000018500,MKT-A,UPDATE,SELL,45,900,376,0
1700000018550,MKT-A,UPDATE,BUY,42,60,377,0
1700000018600,MKT-A,UPDATE,SELL,45,900,378,0
1700000018650,MKT-A,UPDATE,BUY,42,60,379,0
1700000018700,MKT-A,UPDATE,SELL,45,900,380,0
1700000018750,MKT-A,UPDATE,BUY,42,60,381,0
1700000018800,MKT-A,UPDATE,SELL,45,900,382,0
1700000018850,MKT-A,UPDATE,BUY,42,60,383,0
1700000018900,MKT-A,UPDATE,SELL,45,900,384,0
1700000018950,MKT-A,UPDATE,BUY,42,60,385,0
1700000019000,MKT-A,UPDATE,SELL,45,900,386,0
1700000019050,MKT-A,UPDATE,BUY,42,60,387,0
1700000019100,MKT-A,UPDATE,SELL,45,900,388,0
1700000019150,MKT-A,UPDATE,BUY,42,60,389,0
1700000019200,MKT-A,UPDATE,SELL,45,900,390,0
1700000019250,MKT-A,UPDATE,BUY,42,60,391,0
1700000019300,MKT-A,UPDATE,SELL,45,900,392,0
1700000019350,MKT-A,UPDATE,BUY,42,60,393,0
1700000019400,MKT-A,UPDATE,SELL,45,900,394,0
1700000019450,MKT-A,UPDATE,BUY,42,60,395,0
1700000019500,MKT-A,UPDATE,SELL,45,900,396,0
1700000019550,MKT-A,UPDATE,BUY,42,60,397,0
1700000019600,MKT-A,UPDATE,SELL,45,900,398,0
1700000019650,MKT-A,UPDATE,BUY,42,60,399,0
1700000019700,MKT-A,UPDATE,SELL,45,900,400,0
1700000019750,MKT-A,UPDATE,BUY,42,60,401,0
1700000019800,MKT-A,UPDATE,SELL,45,900,402,0
1700000019850,MKT-A,UPDATE,BUY,42,60,403,0
1700000019900,MKT-A,UPDATE,SELL,45,900,404,0
1700000019950,MKT-A,UPDATE,BUY,42,60,405,0
1700000020000,MKT-A,UPDATE,SELL,45,900,406,0
1700000020050,MKT-A,UPDATE,BUY,42,900,407,0
1700000020100,MKT-A,UPDATE,SELL,45,60,408,0
1700000020150,MKT-A,UPDATE,BUY,42,900,409,0
1700000020200,MKT-A,UPDATE,SELL,45,60,410,0
1700000020250,MKT-A,UPDATE,BUY,42,900,411,0
1700000020300,MKT-A,UPDATE,SELL,45,60,412,0
1700000020350,MKT-A,UPDATE,BUY,42,900,413,0
1700000020400,MKT-A,UPDATE,SELL,45,60,414,0
1700000020450,MKT-A,UPDATE,BUY,42,900,415,0
1700000020500,MKT-A,UPDATE,SELL,45,60,416,0
1700000020550,MKT-A,UPDATE,BUY,42,900,417,0
1700000020600,MKT-A,UPDATE,SELL,45,60,418,0
1700000020650,MKT-A,UPDATE,BUY,42,900,419,0
1700000020700,MKT-A,UPDATE,SELL,45,60,420,0
1700000020750,MKT-A,UPDATE,BUY,42,900,421,0
1700000020800,MKT-A,UPDATE,SELL,45,60,422,0
1700000020850,MKT-A,UPDATE,BUY,42,900,423,0
1700000020900,MKT-A,UPDATE,SELL,45,60,424,0
1700000020950,MKT-A,UPDATE,BUY,42,900,425,0
1700000021000,MKT-A,UPDATE,SELL,45,60,426,0
1700000021050,MKT-A,UPDATE,BUY,42,900,427,0
1700000021100,MKT-A,UPDATE,SELL,45,60,428,0
1700000021150,MKT-A,UPDATE,BUY,42,900,429,0
1700000021200,MKT-A,UPDATE,SELL,45,60,430,0
1700000021250,MKT-A,UPDATE,BUY,42,900,431,0
1700000021300,MKT-A,UPDATE,SELL,45,60,432,0
1700000021350,MKT-A,UPDATE,BUY,42,900,433,0
1700000021400,MKT-A,UPDATE,SELL,45,60,434,0
1700000021450,MKT-A,UPDATE,BUY,42,900,435,0
1700000021500,MKT-A,UPDATE,SELL,45,60,436,0
1700000021550,MKT-A,UPDATE,BUY,42,900,437,0
1700000021600,MKT-A,UPDATE,SELL,45,60,438,0
1700000021650,MKT-A,UPDATE,BUY,42,900,439,0
1700000021700,MKT-A,UPDATE,SELL,45,60,440,0
1700000021750,MKT-A,UPDATE,BUY,42,900,441,0
1700000021800,MKT-A,UPDATE,SELL,45,60,442,0
1700000021850,MKT-A,UPDATE,BUY,42,900,443,0
1700000021900,MKT-A,UPDATE,SELL,45,60,444,0
1700000021950,MKT-A,UPDATE,BUY,42,900,445,0
1700000022000,MKT-A,UPDATE,SELL,45,60,446,0
1700000022050,MKT-A,UPDATE,BUY,42,900,447,0
1700000022100,MKT-A,UPDATE,SELL,45,60,448,0
1700000022150,MKT-A,UPDATE,BUY,42,900,449,0
1700000022200,MKT-A,UPDATE,SELL,45,60,450,0
1700000022250,MKT-A,UPDATE,BUY,42,900,451,0
1700000022300,MKT-A,UPDATE,SELL,45,60,452,0
1700000022350,MKT-A,UPDATE,BUY,42,900,453,0
1700000022400,MKT-A,UPDATE,SELL,45,60,454,0
1700000022450,MKT-A,UPDATE,BUY,42,900,455,0
1700000022500,MKT-A,UPDATE,SELL,45,60,456,0
1700000022550,MKT-A,UPDATE,BUY,42,60,457,0
1700000022600,MKT-A,UPDATE,SELL,45,900,458,0
1700000022650,MKT-A,UPDATE,BUY,42,60,459,0
1700000022700,MKT-A,UPDATE,SELL,45,900,460,0
1700000022750,MKT-A,UPDATE,BUY,42,60,461,0
1700000022800,MKT-A,UPDATE,SELL,45,900,462,0
1700000022850,MKT-A,UPDATE,BUY,42,60,463,0
1700000022900,MKT-A,UPDATE,SELL,45,900,464,0
1700000022950,MKT-A,UPDATE,BUY,42,60,465,0
1700000023000,MKT-A,UPDATE,SELL,45,900,466,0
1700000023050,MKT-A,UPDATE,BUY,42,60,467,0
1700000023100,MKT-A,UPDATE,SELL,45,900,468,0
1700000023150,MKT-A,UPDATE,BUY,42,60,469,0
1700000023200,MKT-A,UPDATE,SELL,45,900,470,0
1700000023250,MKT-A,UPDATE,BUY,42,60,471,0
1700000023300,MKT-A,UPDATE,SELL,45,900,472,0
1700000023350,MKT-A,UPDATE,BUY,42,60,473,0
1700000023400,MKT-A,UPDATE,SELL,45,900,474,0
1700000023450,MKT-A,UPDATE,BUY,42,60,475,0
1700000023500,MKT-A,UPDATE,SELL,45,900,476,0
1700000023550,MKT-A,UPDATE,BUY,42,60,477,0
1700000023600,MKT-A,UPDATE,SELL,45,900,478,0
1700000023650,MKT-A,UPDATE,BUY,42,60,479,0
1700000023700,MKT-A,UPDATE,SELL,45,900,480,0
1700000023750,MKT-A,UPDATE,BUY,42,60,481,0
1700000023800,MKT-A,UPDATE,SELL,45,900,482,0
1700000023850,MKT-A,UPDATE,BUY,42,60,483,0
1700000023900,MKT-A,UPDATE,SELL,45,900,484,0
1700000023950,MKT-A,UPDATE,BUY,42,60,485,0
1700000024000,MKT-A,UPDATE,SELL,45,900,486,0
1700000024050,MKT-A,UPDATE,BUY,42,60,487,0
1700000024100,MKT-A,UPDATE,SELL,45,900,488,0
1700000024150,MKT-A,UPDATE,BUY,42,60,489,0
1700000024200,MKT-A,UPDATE,SELL,45,900,490,0
1700000024250,MKT-A,UPDATE,BUY,42,60,491,0
1700000024300,MKT-A,UPDATE,SELL,45,900,492,0
1700000024350,MKT-A,UPDATE,BUY,42,60,493,0
1700000024400,MKT-A,UPDATE,SELL,45,900,494,0
1700000024450,MKT-A,UPDATE,BUY,42,60,495,0
1700000024500,MKT-A,UPDATE,SELL,45,900,496,0
1700000024550,MKT-A,UPDATE,BUY,42,60,497,0
1700000024600,MKT-A,UPDATE,SELL,45,900,498,0
1700000024650,MKT-A,UPDATE,BUY,42,60,499,0
1700000024700,MKT-A,UPDATE,SELL,45,900,500,0
1700000024750,MKT-A,UPDATE,BUY,42,60,501,0
1700000024800,MKT-A,UPDATE,SELL,45,900,502,0
1700000024850,MKT-A,UPDATE,BUY,42,60,503,0
1700000024900,MKT-A,UPDATE,SELL,45,900,504,0
1700000024950,MKT-A,UPDATE,BUY,42,60,505,0
1700000025000,MKT-A,UPDATE,SELL,45,900,506,0
1700000025050,MKT-A,UPDATE,BUY,42,900,507,0
1700000025100,MKT-A,UPDATE,SELL,45,60,508,0
1700000025150,MKT-A,UPDATE,BUY,42,900,509,0
1700000025200,MKT-A,UPDATE,SELL,45,60,510,0
1700000025250,MKT-A,UPDATE,BUY,42,900,511,0
1700000025300,MKT-A,UPDATE,SELL,45,60,512,0
1700000025350,MKT-A,UPDATE,BUY,42,900,513,0
1700000025400,MKT-A,UPDATE,SELL,45,60,514,0
1700000025450,MKT-A,UPDATE,BUY,42,900,515,0
1700000025500,MKT-A,UPDATE,SELL,45,60,516,0
1700000025550,MKT-A,UPDATE,BUY,42,900,517,0
1700000025600,MKT-A,UPDATE,SELL,45,60,518,0
1700000025650,MKT-A,UPDATE,BUY,42,900,519,0
1700000025700,MKT-A,UPDATE,SELL,45,60,520,0
1700000025750,MKT-A,UPDATE,BUY,42,900,521,0
1700000025800,MKT-A,UPDATE,SELL,45,60,522,0
1700000025850,MKT-A,UPDATE,BUY,42,900,523,0
1700000025900,MKT-A,UPDATE,SELL,45,60,524,0
1700000025950,MKT-A,UPDATE,BUY,42,900,525,0
1700000026000,MKT-A,UPDATE,SELL,45,60,526,0
1700000026050,MKT-A,UPDATE,BUY,42,900,527,0
1700000026100,MKT-A,UPDATE,SELL,45,60,528,0
1700000026150,MKT-A,UPDATE,BUY,42,900,529,0
1700000026200,MKT-A,UPDATE,SELL,45,60,530,0
1700000026250,MKT-A,UPDATE,BUY,42,900,531,0
1700000026300,MKT-A,UPDATE,SELL,45,60,532,0
1700000026350,MKT-A,UPDATE,BUY,42,900,533,0
1700000026400,MKT-A,UPDATE,SELL,45,60,534,0
1700000026450,MKT-A,UPDATE,BUY,42,900,535,0
1700000026500,MKT-A,UPDATE,SELL,45,60,536,0
1700000026550,MKT-A,UPDATE,BUY,42,900,537,0
1700000026600,MKT-A,UPDATE,SELL,45,60,538,0
1700000026650,MKT-A,UPDATE,BUY,42,900,539,0
1700000026700,MKT-A,UPDATE,SELL,45,60,540,0
1700000026750,MKT-A,UPDATE,BUY,42,900,541,0
1700000026800,MKT-A,UPDATE,SELL,45,60,542,0
1700000026850,MKT-A,UPDATE,BUY,42,900,543,0
1700000026900,MKT-A,UPDATE,SELL,45,60,544,0
1700000026950,MKT-A,UPDATE,BUY,42,900,545,0
1700000027000,MKT-A,UPDATE,SELL,45,60,546,0
1700000027050,MKT-A,UPDATE,BUY,42,900,547,0
1700000027100,MKT-A,UPDATE,SELL,45,60,548,0
1700000027150,MKT-A,UPDATE,BUY,42,900,549,0
1700000027200,MKT-A,UPDATE,SELL,45,60,550,0
1700000027250,MKT-A,UPDATE,BUY,42,900,551,0
1700000027300,MKT-A,UPDATE,SELL,45,60,552,0
1700000027350,MKT-A,UPDATE,BUY,42,900,553,0
1700000027400,MKT-A,UPDATE,SELL,45,60,554,0
1700000027450,MKT-A,UPDATE,BUY,42,900,555,0
1700000027500,MKT-A,UPDATE,SELL,45,60,556,0
1700000027550,MKT-A,UPDATE,BUY,42,60,557,0
1700000027600,MKT-A,UPDATE,SELL,45,900,558,0
1700000027650,MKT-A,UPDATE,BUY,42,60,559,0
1700000027700,MKT-A,UPDATE,SELL,45,900,560,0
1700000027750,MKT-A,UPDATE,BUY,42,60,561,0
1700000027800,MKT-A,UPDATE,SELL,45,900,562,0
1700000027850,MKT-A,UPDATE,BUY,42,60,563,0
1700000027900,MKT-A,UPDATE,SELL,45,900,564,0
1700000027950,MKT-A,UPDATE,BUY,42,60,565,0
1700000028000,MKT-A,UPDATE,SELL,45,900,566,0
1700000028050,MKT-A,UPDATE,BUY,42,60,567,0
1700000028100,MKT-A,UPDATE,SELL,45,900,568,0
1700000028150,MKT-A,UPDATE,BUY,42,60,569,0
1700000028200,MKT-A,UPDATE,SELL,45,900,570,0
1700000028250,MKT-A,UPDATE,BUY,42,60,571,0
1700000028300,MKT-A,UPDATE,SELL,45,900,572,0
1700000028350,MKT-A,UPDATE,BUY,42,60,573,0
1700000028400,MKT-A,UPDATE,SELL,45,900,574,0
1700000028450,MKT-A,UPDATE,BUY,42,60,575,0
1700000028500,MKT-A,UPDATE,SELL,45,900,576,0
1700000028550,MKT-A,UPDATE,BUY,42,60,577,0
1700000028600,MKT-A,UPDATE,SELL,45,900,578,0
1700000028650,MKT-A,UPDATE,BUY,42,60,579,0
1700000028700,MKT-A,UPDATE,SELL,45,900,580,0
1700000028750,MKT-A,UPDATE,BUY,42,60,581,0
1700000028800,MKT-A,UPDATE,SELL,45,900,582,0
1700000028850,MKT-A,UPDATE,BUY,42,60,583,0
1700000028900,MKT-A,UPDATE,SELL,45,900,584,0
1700000028950,MKT-A,UPDATE,BUY,42,60,585,0
1700000029000,MKT-A,UPDATE,SELL,45,900,586,0
1700000029050,MKT-A,UPDATE,BUY,42,60,587,0
1700000029100,MKT-A,UPDATE,SELL,45,900,588,0
1700000029150,MKT-A,UPDATE,BUY,42,60,589,0
1700000029200,MKT-A,UPDATE,SELL,45,900,590,0
1700000029250,MKT-A,UPDATE,BUY,42,60,591,0
1700000029300,MKT-A,UPDATE,SELL,45,900,592,0
1700000029350,MKT-A,UPDATE,BUY,42,60,593,0
1700000029400,MKT-A,UPDATE,SELL,45,900,594,0
1700000029450,MKT-A,UPDATE,BUY,42,60,595,0
1700000029500,MKT-A,UPDATE,SELL,45,900,596,0
1700000029550,MKT-A,UPDATE,BUY,42,60,597,0
1700000029600,MKT-A,UPDATE,SELL,45,900,598,0
1700000029650,MKT-A,UPDATE,BUY,42,60,599,0
1700000029700,MKT-A,UPDATE,SELL,45,900,600,0
1700000029750,MKT-A,UPDATE,BUY,42,60,601,0
1700000029800,MKT-A,UPDATE,SELL,45,900,602,0
1700000029850,MKT-A,UPDATE,BUY,42,60,603,0
1700000029900,MKT-A,UPDATE,SELL,45,900,604,0
1700000029950,MKT-A,UPDATE,BUY,42,60,605,0
1700000030000,MKT-A,UPDATE,SELL,45,900,606,0
1700000030050,MKT-A,UPDATE,BUY,42,900,607,0
1700000030100,MKT-A,UPDATE,SELL,45,60,608,0
1700000030150,MKT-A,UPDATE,BUY,42,900,609,0
1700000030200,MKT-A,UPDATE,SELL,45,60,610,0
1700000030250,MKT-A,UPDATE,BUY,42,900,611,0
1700000030300,MKT-A,UPDATE,SELL,45,60,612,0
1700000030350,MKT-A,UPDATE,BUY,42,900,613,0
1700000030400,MKT-A,UPDATE,SELL,45,60,614,0
1700000030450,MKT-A,UPDATE,BUY,42,900,615,0
1700000030500,MKT-A,UPDATE,SELL,45,60,616,0
1700000030550,MKT-A,UPDATE,BUY,42,900,617,0
1700000030600,MKT-A,UPDATE,SELL,45,60,618,0
1700000030650,MKT-A,UPDATE,BUY,42,900,619,0
1700000030700,MKT-A,UPDATE,SELL,45,60,620,0
1700000030750,MKT-A,UPDATE,BUY,42,900,621,0
1700000030800,MKT-A,UPDATE,SELL,45,60,622,0
1700000030850,MKT-A,UPDATE,BUY,42,900,623,0
1700000030900,MKT-A,UPDATE,SELL,45,60,624,0
1700000030950,MKT-A,UPDATE,BUY,42,900,625,0
1700000031000,MKT-A,UPDATE,SELL,45,60,626,0
1700000031050,MKT-A,UPDATE,BUY,42,900,627,0
1700000031100,MKT-A,UPDATE,SELL,45,60,628,0
1700000031150,MKT-A,UPDATE,BUY,42,900,629,0
1700000031200,MKT-A,UPDATE,SELL,45,60,630,0
1700000031250,MKT-A,UPDATE,BUY,42,900,631,0
1700000031300,MKT-A,UPDATE,SELL,45,60,632,0
1700000031350,MKT-A,UPDATE,BUY,42,900,633,0
1700000031400,MKT-A,UPDATE,SELL,45,60,634,0
1700000031450,MKT-A,UPDATE,BUY,42,900,635,0
1700000031500,MKT-A,UPDATE,SELL,45,60,636,0
1700000031550,MKT-A,UPDATE,BUY,42,900,637,0
1700000031600,MKT-A,UPDATE,SELL,45,60,638,0
1700000031650,MKT-A,UPDATE,BUY,42,900,639,0
1700000031700,MKT-A,UPDATE,SELL,45,60,640,0
1700000031750,MKT-A,UPDATE,BUY,42,900,641,0
1700000031800,MKT-A,UPDATE,SELL,45,60,642,0
1700000031850,MKT-A,UPDATE,BUY,42,900,643,0
1700000031900,MKT-A,UPDATE,SELL,45,60,644,0
1700000031950,MKT-A,UPDATE,BUY,42,900,645,0
1700000032000,MKT-A,UPDATE,SELL,45,60,646,0
1700000032050,MKT-A,UPDATE,BUY,42,900,647,0
1700000032100,MKT-A,UPDATE,SELL,45,60,648,0
1700000032150,MKT-A,UPDATE,BUY,42,900,649,0
1700000032200,MKT-A,UPDATE,SELL,45,60,650,0
1700000032250,MKT-A,UPDATE,BUY,42,900,651,0
1700000032300,MKT-A,UPDATE,SELL,45,60,652,0
1700000032350,MKT-A,UPDATE,BUY,42,900,653,0
1700000032400,MKT-A,UPDATE,SELL,45,60,654,0
1700000032450,MKT-A,UPDATE,BUY,42,900,655,0
1700000032500,MKT-A,UPDATE,SELL,45,60,656,0
1700000032550,MKT-A,UPDATE,BUY,42,60,657,0
1700000032600,MKT-A,UPDATE,SELL,45,900,658,0
1700000032650,MKT-A,UPDATE,BUY,42,60,659,0
1700000032700,MKT-A,UPDATE,SELL,45,900,660,0
1700000032750,MKT-A,UPDATE,BUY,42,60,661,0
1700000032800,MKT-A,UPDATE,SELL,45,900,662,0
1700000032850,MKT-A,UPDATE,BUY,42,60,663,0
1700000032900,MKT-A,UPDATE,SELL,45,900,664,0
1700000032950,MKT-A,UPDATE,BUY,42,60,665,0
1700000033000,MKT-A,UPDATE,SELL,45,900,666,0
1700000033050,MKT-A,UPDATE,BUY,42,60,667,0
1700000033100,MKT-A,UPDATE,SELL,45,900,668,0
1700000033150,MKT-A,UPDATE,BUY,42,60,669,0
1700000033200,MKT-A,UPDATE,SELL,45,900,670,0
1700000033250,MKT-A,UPDATE,BUY,42,60,671,0
1700000033300,MKT-A,UPDATE,SELL,45,900,672,0
1700000033350,MKT-A,UPDATE,BUY,42,60,673,0
1700000033400,MKT-A,UPDATE,SELL,45,900,674,0
1700000033450,MKT-A,UPDATE,BUY,42,60,675,0
1700000033500,MKT-A,UPDATE,SELL,45,900,676,0
1700000033550,MKT-A,UPDATE,BUY,42,60,677,0
1700000033600,MKT-A,UPDATE,SELL,45,900,678,0
1700000033650,MKT-A,UPDATE,BUY,42,60,679,0
1700000033700,MKT-A,UPDATE,SELL,45,900,680,0
1700000033750,MKT-A,UPDATE,BUY,42,60,681,0
1700000033800,MKT-A,UPDATE,SELL,45,900,682,0
1700000033850,MKT-A,UPDATE,BUY,42,60,683,0
1700000033900,MKT-A,UPDATE,SELL,45,900,684,0
1700000033950,MKT-A,UPDATE,BUY,42,60,685,0
1700000034000,MKT-A,UPDATE,SELL,45,900,686,0
1700000034050,MKT-A,UPDATE,BUY,42,60,687,0
1700000034100,MKT-A,UPDATE,SELL,45,900,688,0
1700000034150,MKT-A,UPDATE,BUY,42,60,689,0
1700000034200,MKT-A,UPDATE,SELL,45,900,690,0
1700000034250,MKT-A,UPDATE,BUY,42,60,691,0
1700000034300,MKT-A,UPDATE,SELL,45,900,692,0
1700000034350,MKT-A,UPDATE,BUY,42,60,693,0
1700000034400,MKT-A,UPDATE,SELL,45,900,694,0
1700000034450,MKT-A,UPDATE,BUY,42,60,695,0
1700000034500,MKT-A,UPDATE,SELL,45,900,696,0
1700000034550,MKT-A,UPDATE,BUY,42,60,697,0
1700000034600,MKT-A,UPDATE,SELL,45,900,698,0
1700000034650,MKT-A,UPDATE,BUY,42,60,699,0
1700000034700,MKT-A,UPDATE,SELL,45,900,700,0
1700000034750,MKT-A,UPDATE,BUY,42,60,701,0
1700000034800,MKT-A,UPDATE,SELL,45,900,702,0
1700000034850,MKT-A,UPDATE,BUY,42,60,703,0
1700000034900,MKT-A,UPDATE,SELL,45,900,704,0
1700000034950,MKT-A,UPDATE,BUY,42,60,705,0
1700000035000,MKT-A,UPDATE,SELL,45,900,706,0
1700000035050,MKT-A,UPDATE,BUY,42,900,707,0
1700000035100,MKT-A,UPDATE,SELL,45,60,708,0
1700000035150,MKT-A,UPDATE,BUY,42,900,709,0
1700000035200,MKT-A,UPDATE,SELL,45,60,710,0
1700000035250,MKT-A,UPDATE,BUY,42,900,711,0
1700000035300,MKT-A,UPDATE,SELL,45,60,712,0
1700000035350,MKT-A,UPDATE,BUY,42,900,713,0
1700000035400,MKT-A,UPDATE,SELL,45,60,714,0
1700000035450,MKT-A,UPDATE,BUY,42,900,715,0
1700000035500,MKT-A,UPDATE,SELL,45,60,716,0
1700000035550,MKT-A,UPDATE,BUY,42,900,717,0
1700000035600,MKT-A,UPDATE,SELL,45,60,718,0
1700000035650,MKT-A,UPDATE,BUY,42,900,719,0
1700000035700,MKT-A,UPDATE,SELL,45,60,720,0
1700000035750,MKT-A,UPDATE,BUY,42,900,721,0
1700000035800,MKT-A,UPDATE,SELL,45,60,722,0
1700000035850,MKT-A,UPDATE,BUY,42,900,723,0
1700000035900,MKT-A,UPDATE,SELL,45,60,724,0
1700000035950,MKT-A,UPDATE,BUY,42,900,725,0
1700000036000,MKT-A,UPDATE,SELL,45,60,726,0
1700000036050,MKT-A,UPDATE,BUY,42,900,727,0
1700000036100,MKT-A,UPDATE,SELL,45,60,728,0
1700000036150,MKT-A,UPDATE,BUY,42,900,729,0
1700000036200,MKT-A,UPDATE,SELL,45,60,730,0
1700000036250,MKT-A,UPDATE,BUY,42,900,731,0
1700000036300,MKT-A,UPDATE,SELL,45,60,732,0
1700000036350,MKT-A,UPDATE,BUY,42,900,733,0
1700000036400,MKT-A,UPDATE,SELL,45,60,734,0
1700000036450,MKT-A,UPDATE,BUY,42,900,735,0
1700000036500,MKT-A,UPDATE,SELL,45,60,736,0
1700000036550,MKT-A,UPDATE,BUY,42,900,737,0
1700000036600,MKT-A,UPDATE,SELL,45,60,738,0
1700000036650,MKT-A,UPDATE,BUY,42,900,739,0
1700000036700,MKT-A,UPDATE,SELL,45,60,740,0
1700000036750,MKT-A,UPDATE,BUY,42,900,741,0
1700000036800,MKT-A,UPDATE,SELL,45,60,742,0
1700000036850,MKT-A,UPDATE,BUY,42,900,743,0
1700000036900,MKT-A,UPDATE,SELL,45,60,744,0
1700000036950,MKT-A,UPDATE,BUY,42,900,745,0
1700000037000,MKT-A,UPDATE,SELL,45,60,746,0
1700000037050,MKT-A,UPDATE,BUY,42,900,747,0
1700000037100,MKT-A,UPDATE,SELL,45,60,748,0
1700000037150,MKT-A,UPDATE,BUY,42,900,749,0
1700000037200,MKT-A,UPDATE,SELL,45,60,750,0
1700000037250,MKT-A,UPDATE,BUY,42,900,751,0
1700000037300,MKT-A,UPDATE,SELL,45,60,752,0
1700000037350,MKT-A,UPDATE,BUY,42,900,753,0
1700000037400,MKT-A,UPDATE,SELL,45,60,754,0
1700000037450,MKT-A,UPDATE,BUY,42,900,755,0
1700000037500,MKT-A,UPDATE,SELL,45,60,756,0
1700000037550,MKT-A,UPDATE,BUY,42,60,757,0
1700000037600,MKT-A,UPDATE,SELL,45,900,758,0
1700000037650,MKT-A,UPDATE,BUY,42,60,759,0
1700000037700,MKT-A,UPDATE,SELL,45,900,760,0
1700000037750,MKT-A,UPDATE,BUY,42,60,761,0
1700000037800,MKT-A,UPDATE,SELL,45,900,762,0
1700000037850,MKT-A,UPDATE,BUY,42,60,763,0
1700000037900,MKT-A,UPDATE,SELL,45,900,764,0
1700000037950,MKT-A,UPDATE,BUY,42,60,765,0
1700000038000,MKT-A,UPDATE,SELL,45,900,766,0
1700000038050,MKT-A,UPDATE,BUY,42,60,767,0
1700000038100,MKT-A,UPDATE,SELL,45,900,768,0
1700000038150,MKT-A,UPDATE,BUY,42,60,769,0
1700000038200,MKT-A,UPDATE,SELL,45,900,770,0
1700000038250,MKT-A,UPDATE,BUY,42,60,771,0
1700000038300,MKT-A,UPDATE,SELL,45,900,772,0
1700000038350,MKT-A,UPDATE,BUY,42,60,773,0
1700000038400,MKT-A,UPDATE,SELL,45,900,774,0
1700000038450,MKT-A,UPDATE,BUY,42,60,775,0
1700000038500,MKT-A,UPDATE,SELL,45,900,776,0
1700000038550,MKT-A,UPDATE,BUY,42,60,777,0
1700000038600,MKT-A,UPDATE,SELL,45,900,778,0
1700000038650,MKT-A,UPDATE,BUY,42,60,779,0
1700000038700,MKT-A,UPDATE,SELL,45,900,780,0
1700000038750,MKT-A,UPDATE,BUY,42,60,781,0
1700000038800,MKT-A,UPDATE,SELL,45,900,782,0
1700000038850,MKT-A,UPDATE,BUY,42,60,783,0
1700000038900,MKT-A,UPDATE,SELL,45,900,784,0
1700000038950,MKT-A,UPDATE,BUY,42,60,785,0
1700000039000,MKT-A,UPDATE,SELL,45,900,786,0
1700000039050,MKT-A,UPDATE,BUY,42,60,787,0
1700000039100,MKT-A,UPDATE,SELL,45,900,788,0
1700000039150,MKT-A,UPDATE,BUY,42,60,789,0
1700000039200,MKT-A,UPDATE,SELL,45,900,790,0
1700000039250,MKT-A,UPDATE,BUY,42,60,791,0
1700000039300,MKT-A,UPDATE,SELL,45,900,792,0
1700000039350,MKT-A,UPDATE,BUY,42,60,793,0
1700000039400,MKT-A,UPDATE,SELL,45,900,794,0
1700000039450,MKT-A,UPDATE,BUY,42,60,795,0
1700000039500,MKT-A,UPDATE,SELL,45,900,796,0
1700000039550,MKT-A,UPDATE,BUY,42,60,797,0
1700000039600,MKT-A,UPDATE,SELL,45,900,798,0
1700000039650,MKT-A,UPDATE,BUY,42,60,799,0
1700000039700,MKT-A,UPDATE,SELL,45,900,800,0
1700000039750,MKT-A,UPDATE,BUY,42,60,801,0
1700000039800,MKT-A,UPDATE,SELL,45,900,802,0
1700000039850,MKT-A,UPDATE,BUY,42,60,803,0
1700000039900,MKT-A,UPDATE,SELL,45,900,804,0
1700000039950,MKT-A,UPDATE,BUY,42,60,805,0
1700000040000,MKT-A,UPDATE,SELL,45,900,806,0
